{
    "Nspans":3,
    "Lspans":[6.0,7.5,6.0],
    "H0":4.0,
    "H1":4.0,
    "DL":62.8125,
    "LL":37.5,
    "Sections":[[400.0,400.0],[7500.0,275.0]],
    "Colidxs":[1],
    "Bmidxs":[2],
    "Fcks":[25.0],
    "Clvrs":[[0,0,0],[0,0,0]],
    "PSFs":[1.24875,1.24875,1.5,0.0],
    "DM":0.0,
    "Fltslb":true,
    "Term":"dumb",
}



